imo,vessel_name,tanker_size,build_year,flag,ship_manager,registered_owner,ism_manager,list_source
9328170,Aether,Aframax,2007,Unknown,UAE. Zulu Ships Management,UAE. Wrasse Ship Co,UAE. Zulu Ships Management,new_crude_2025
9282481,Tagor,Aframax,2005,Unknown,UAE. Zulu Ships Management,UAE. Blaire Charters Ltd,UAE. Tarabya Logistics Ltd,new_crude_2025
9236248,Phoenix I,Aframax,2002,Comoros,UAE. Triviality Shipping Llc,UAE. Celestial Overseas Co Ltd,UAE. Triviality Shipping Llc,new_crude_2025
9439383,Bhilva,Aframax,2010,Panama,Seychelles. Tika Shipping Ltd,Seychelles. Tika Shipping Ltd,China. Song Hua Jiang Shipmanagement,new_crude_2025
9311610,Torx,Suezmax,2006,Panama,Seychelles. Shiva Shipping Ltd,Seychelles. Shiva Shipping Ltd,Singapore. Crest Maritime Pte Ltd,new_crude_2025
9472634,Aura 1,Aframax,2011,Panama,Seychelles. Dava Shipping Ltd,Seychelles. Dava Shipping Ltd,China. Heng Shan Shipmanagement Co,new_crude_2025
9460564,Balu 6,Aframax,2011,Panama,Mauritius. Toila Shipping Ltd,Mauritius. Toila Shipping Ltd,China. Heng Shan Shipmanagement Co,new_crude_2025
9419450,Jewel,Aframax,2010,Panama,Mauritius. Maluga Shipping Ltd,Mauritius. Maluga Shipping Ltd,China. Gao You Hu Shipmanagement Co,new_crude_2025
9299707,Guanyin,Aframax,2005,Liberia,Marshall Islands. Silver Tetra Marine Co,Marshall Islands. Silver Tetra Marine Co,UAE. Tarabya Logistics Ltd,new_crude_2025
9296377,Marjorie,Suezmax,2006,Barbados,Marshall Islands. Pyramid Ventures Co,Marshall Islands. Pyramid Ventures Co,India. Aaruthra Marine Pvt Ltd,new_crude_2025
9224453,Tracos,Suezmax,2002,Panama,Marshall Islands. Mars Navigation Sa,Marshall Islands. Mars Navigation Sa,India. Bright Marine Solutions Co,new_crude_2025
9408542,Ling Hong,Aframax,2008,Panama,Marshall Islands. Linghong Shipping Ltd,Marshall Islands. Linghong Shipping Ltd,China. Anmei Ships Co Ltd,new_crude_2025
9408190,Samos,Suezmax,2009,Unknown,Liberia. Samos Group Ltd,Liberia. Samos Group Ltd,UAE. Zulu Ships Management,new_crude_2025
9439539,Bolu,Aframax,2009,Unknown,Liberia. Bolu Group Ltd,Liberia. Bolu Group Ltd,UAE. Zulu Ships Management,new_crude_2025
9436020,Centurion I,Aframax,2010,Panama,India. Gacrux Maritime Pvt Ltd,India. Anand Shipping Ltd-Sey,India. Gacrux Maritime Pvt Ltd,new_crude_2025
9213296,Telesto,Aframax,2001,Barbados,India. Blue Wave Maritime,India. Mimas Marine Ltd,India. Blue Wave Maritime,new_crude_2025
9297541,Alaric,Aframax,2006,Panama,China. Zhu Jiang Shipmanagement Co,China. Plume Shipping Ltd,China. Zhu Jiang Shipmanagement Co,new_crude_2025
9412452,Nilanga,Aframax,2010,Panama,China. Wei Hai Yuan Jing Ship,Seychelles. Elodie Shipping Ltd,China. Wei Hai Yuan Jing Ship,new_crude_2025
9384564,Searun,Aframax,2008,"Hong Kong, China",China. Searun Shipping Co Ltd,China. Searun Shipping Co Ltd,China. Searun Shipping Co Ltd,new_crude_2025
9358412,Tiger Wings,Aframax,2008,Panama,China. Infinite Blue Maritime Ltd,China. Ruihua Shipping Co Ltd,China. Infinite Blue Maritime Ltd,new_crude_2025
9408683,Zhuo Yuan,Suezmax,2009,Panama,China. Hongkong Dingzhou Ship Co Ltd,China. Zhuoyuan Shipping Ltd,China. Hongkong Dingzhou Ship Co Ltd,new_crude_2025
9389071,Tango 2,Aframax,2009,Panama,China. Gui Zhou Fa Zhan Ship,China. Kosha Shipping Ltd,China. Wu Gong Shan Shipmanagement Co,new_crude_2025
9389083,Tiger 6,Aframax,2009,Panama,China. Can Day Shipmanagement Co Ltd,China. Nysa Maritime Inc,China. Gu Yu Shipmanagement Co Ltd,new_crude_2025
9402328,Sara Sky,Aframax,2010,"Hong Kong, China",China. Benefit Shipping Ltd-Hkg,China. Lirun Shipping Co Ltd,China. Benefit Shipping Ltd-Hkg,new_crude_2025
9337341,Oceanid,Aframax,2008,Panama,China. Aura Vibes Co Ltd,China. Aura Vibes Co Ltd,China. Aura Vibes Co Ltd,new_crude_2025
9233777,Ocean Ii,Suezmax,2003,Antigua and Barbuda,Antigua & Barbuda. Nauticraft Ventures Ltd,Antigua & Barbuda. Nauticraft Ventures Ltd,China. Ruiyuan Shipping Ltd,new_crude_2025
9821469,Lachin,Handysize,2020,Azerbaijan,Azerbaijan. Azerbaijan Caspian Shipping,Azerbaijan. Azerbaijan Caspian Shipping,Azerbaijan. Azerbaijan Caspian Shipping,new_product_2025
9274525,Lxh,Suezmax,2004,Panama,China. China Overseas Energy Develop,China. China Overseas Energy Develop,China. Built Found Shipmanagement Co,new_product_2025
9306809,Cc Innovator,Handysize,2006,"Hong Kong, China",China. Hathaway Co Ltd,China. Thousand Sunny Ltd,Unknown,new_product_2025
9037123,As Calcutta,Handysize,2001,Panama,Marshall Islands. As Calcutta Shipping Co Ltd,Marshall Islands. As Calcutta Shipping Co Ltd,Marshall Islands. As Calcutta Shipping Co Ltd,new_product_2025
9430272,Jin Hui,Handysize,2009,Panama,Marshall Islands. Jinhui Shipping Ltd,Marshall Islands. Jinhui Shipping Ltd,China. Seasafe Shipping Co Ltd,new_product_2025
9321718,Zale,Suezmax,2006,Unknown,Marshall Islands. Zale Shipping Inc,Marshall Islands. Zale Shipping Inc,UAE. Sertel Shipping Fze,new_product_2025
9333577,Arktida,Handysize,2005,Russia,Russia. Ark Shipping Co Ltd,Russia. Palmali Co Ltd,Russia. Ark Shipping Co Ltd,new_product_2025
9645023,Vasily Surikov,Handysize,2012,Russia,Russia. Ilya Muromets Jsc,Russia. Ilya Muromets Jsc,Russia. Ilya Muromets Jsc,new_product_2025
9645009,Professor Malyshkin,Handysize,2012,Russia,Russia. Investneftetrade Llc,Russia. Investneftetrade Llc,Russia. Ermak Shipping Llc,new_product_2025
9164718,Thoth,Handysize,1999,Russia,Russia. Kontur-Spb Ooo,Russia. Caird Seafaring Ltd,Russia. Kontur-Spb Ooo,new_product_2025
9735141,Midvolga-3,Handysize,2014,Russia,Russia. Mazk Management Llc,Russia. Mazk Management Llc,Russia. Mazk Management Llc,new_product_2025
9046564,Antares,Handysize,1993,Russia,Russia. Niko Co Ltd,Russia. Niko Co Ltd,Russia. Niko Co Ltd,new_product_2025
9503304,General Skobelev,Handysize,2008,Russia,Russia. Sc Perspective Ltd,Russia. Sc Perspective Ltd,Russia. Jsc Sovfracht,new_product_2025
9690212,Stalingrad,Handysize,2014,Russia,Russia. Trans-Flot Jsc,Russia. Trans-Flot/Vladimirovich Pv,Russia. Trans-Flot Jsc,new_product_2025
9612909,Aleksandr Shemagin,Handysize,2012,Russia,Russia. Volgotrans Llc,Russia. Volgotrans Llc,Russia. Volgotrans Llc,new_product_2025
9292199,Kayseri,Suezmax,2005,Panama,Turkey. Bow Maritime Gemi,Turkey. Kayseri Shipping Sa,Turkey. Bow Maritime Gemi,list1_2024_2025
9347308,Aura Maris,Handysize,2008,Panama,Singapore. United Fuel Trading Uft Pte,Singapore. United Fuel Trading Uft Pte,Singapore. Astute Maritime Services Pte,list1_2024_2025
9290373,Konya,Suezmax,2005,Panama,Turkey. Bow Maritime Gemi,Turkey. Konya Shipping Sa,Turkey. Bow Maritime Gemi,list1_2024_2025
9867621,Khankendi,Aframax,2020,Azerbaijan,Azerbaijan. Sa Maritime Afezco,Azerbaijan. Sa Leader Shipholdings Afezco,Azerbaijan. Asco Shipmanagement Afezco,list1_2024_2025
9621596,Stanislav Govorukhin,Handysize,2016,Russia,Russia. Gazprom Flot Llc,Russia. Gazprom Flot Llc,Russia. Gazprom Flot Llc,list1_2024_2025
9645047,Bm Flot-3,Handysize,2012,Russia,Russia. Astek Llc,Russia. Astek Llc,Russia. Bm Flot Llc,list2_2024_2025
9884150,Sergey Lvov,Handysize,2023,Russia,Russia. Ilya Muromets Jsc,Russia. Ilya Muromets Jsc,Russia. Ilya Muromets Jsc,list2_2024_2025
9640580,Viktor Vasnetsov,Handysize,2013,Russia,Russia. Ilya Muromets Jsc,Russia. Ilya Muromets Jsc,Russia. Ilya Muromets Jsc,list2_2024_2025
9645035,Pavel Bryullov,Handysize,2012,Russia,Russia. Ilya Muromets Jsc,Russia. Ilya Muromets Jsc,Russia. Ilya Muromets Jsc,list2_2024_2025
